"NAME","MOBILE"
"AMBILI","9526253303"
"AMINA","8086458161"
"BEENA","9544106779"
"BIJI ELDHO","8086608793"
"BINSI M K","7593041297"
"DEEPA P M","8547683274"
"DEEPA SANTHOSH","8086570064"
"JANAKI","9946528895"
"JANU","9048389910"
"KALYANI K K","9539271963"
"LATHIKA","9048371651"
"LISI","8086249085"
"MEENAKSHI","9645800863"
"MINI","7560858782"
"MINI GEORGE","9539169802"
"NAINA","9846236196"
"NALINI","8547822542"
"NEETHU KUMARAN","9562067030"
"PRASANNA","6282486590"
"PREETHI","9061747119"
"PREMA","9605152844"
"RAMLATH","9645832053"
"RAMYA BINEESH","6235695882"
"RANJUSHA","9061563107"
"RATHI","9645572082"
"REENA PRINCE","6282105032"
"SAINABA","9961812991"
"SANDHYA","9745921140"
"SANITHA","8943565211"
"SARITHA P K","9745556787"
"SAROJINI","9961954847"
"SATHI","9744241216"
"SEREENA","8589854059"
"SHABIJA","7994116396"
"SHEEBA SAJI","8086153428"
"SHEENA P C","9495950379"
"SHOBHA","7306559420"
"SINI","8086960958"
"SOUMINI","9544020151"
"SUHARA","9946697692"
"SUNITHA","9656187948"
"SUNITHA UNNIKRISHNAN","8714100820"
"USHA BABURAJ","9072798814"
"VILASINI","7034051013"
"SHIMI U K","9048663432"
"RAMYA P P","9072456175"
"DEEPA RAVINDRAN","9995359572"
"SUNITHA SABU","8136948586"